Image_tag,LD,CodeBLEU
Chart_4,51,0.999637695094725
Codec_1,72,0.9492753372647530
Closure_2,11,0.9983120436083670
Compress_3,237,0.9301146371082090
Lang_62,381,0.9937667203608340
Math_23,331,0.9503625113791200
Math_46,30,0.9941560758748910
Time_13,240,0.9758142853189350
Time_25,369,0.9896337621700810