Image_tag,LD,CodeBLEU
Lang_15,140,0.9423368755427620
Lang_17,263,0.8849061877612780
Lang_64,891,0.8753275833091520
Math_13,335,0.9060123411199700
Mockito_38,22,0.9676576371673890
Time_1,715,0.9302697623015930
Time_24,188,0.9949131208625390