Image_tag,CodeBLEU
Lang_15,0.9423368755427620
Lang_17,0.8849061877612780
Lang_64,0.8753275833091520
Math_13,0.9060123411199700
Mockito_38,0.9676576371673890
Time_1,0.9302697623015930
Time_24,0.9949131208625390