Image_tag,CodeBLEU
Codec_4,0.9986429136878370
Compress_1,0.9835254169917070
Compress_4,0.9771509818462670
Lang_62,0.9937667203608340
Math_13,0.9060123411199700
Time_1,0.9302697623015930
Time_25,0.9896337621700810