Image_tag,CodeBLEU
Lang_15,0.9423368755427620
Lang_17,0.8849061877612780
Lang_64,0.8753275833091520
Math_46,0.9941560758748910
Time_13,0.9758142853189350
Time_24,0.9949131208625390