bug_name,CodeBLEU
BREADTH_FIRST_SEARCH,0.838959577111095
FIND_FIRST_IN_SORTED,0.9804141125385570
FIND_IN_SORTED,0.954490259043676
GCD,0.8532225389753490
GET_FACTORS,0.958958723844807
LEVENSHTEIN,0.9395176479538480
NEXT_PALINDROME,0.959152531263575
PASCAL,0.9597201013620690
POSSIBLE_CHANGE,0.896872752411544
POWERSET,0.870236516363593
QUICKSORT,0.978999027432313
REVERSE_LINKED_LIST,0.792151010020817
WRAP,0.962384387670075
SIEVE,0.9520234547753500
SQRT,0.896031951865776