bug_name,CodeBLEU
BITCOUNT,0.9634038712745000
FIND_FIRST_IN_SORTED,0.9804141125385570
FIND_IN_SORTED,0.954490259043676
GCD,0.846272341439338
LEVENSHTEIN,0.9395176479538480
LIS,0.937372052443133
NEXT_PALINDROME,0.959152531263575
NEXT_PERMUTATION,0.981918572170268
PASCAL,0.961861845910356
POSSIBLE_CHANGE,0.896872752411544
SIEVE,0.95202345477535