bug_name,CodeBLEU
BITCOUNT,0.9634038712745000
LIS,0.937372052443133
LONGEST_COMMON_SUBSEQUENCE,0.910878685940179
MINIMUM_SPANNING_TREE,0.789835733921249
NEXT_PERMUTATION,0.981918572170268