bug_name,CodeBLEU
BREADTH_FIRST_SEARCH,0.838959577111095
GET_FACTORS,0.958958723844807
LONGEST_COMMON_SUBSEQUENCE,0.910878685940179
MINIMUM_SPANNING_TREE,0.789835733921249
POWERSET,0.870236516363593
QUICKSORT,0.978999027432313
REVERSE_LINKED_LIST,0.792151010020817
WRAP,0.962384387670075
SQRT,0.896031951865776